family,structure_position,mutation_ids,residue_name,in_active_site_core,distance_to_active_site_core_A,percentile_rank_distance_to_core,rsa_tien2013,normalized_conservation,proximity_class
ACCase,B:1967,Ile2041Asn,VAL,True,0.0,3.1626506024096384,0.009468,0.8495989735652243,direct_core
ACCase,C:1705,Ile1781Leu,LEU,True,0.0,3.1626506024096384,-0.000000,0.9094747633372062,direct_core
ACCase,B:2004,Asp2078Gly,ASP,False,5.190596208529425,8.659638554216867,0.002394,1.0,non_core_adjacent
ACCase,B:1953,Trp2027Cys,TRP,False,5.604050142530847,10.391566265060241,0.011331,1.0,non_core_candidate
ACCase,B:2022,Gly2096Ala,ALA,False,7.279064981163445,12.801204819277109,0.010506,1.0,non_core_candidate
ACCase,B:2014,Cys2088Arg,MSE,False,11.830785350094052,25.903614457831324,0.003127,0.9042517966013457,non_core_candidate
ALS,574,Trp574Leu,TRP,TRUE,0.0,4.639175257731959,0.067388,1.0,direct_core
ALS,653,Ser653Asn,SER,TRUE,0.0,4.639175257731959,0.210078,1.0,direct_core
EPSPS,106,Pro106Ser,PRO,False,3.847435769444372,12.866817155756207,0.089990,1.0,non_core_candidate
PPO,98,R98G_R98M,ARG,TRUE,0.0,0.8602150537634409,0.215182,1.0,direct_core
PPO,370,G399A_R1;G399A_R2,GLY,FALSE,4.199617125405603,2.795698924731183,0.000041,1.0,non_core_adjacent
PPO,178,deltaG210_pair1;deltaG210_pair2,GLY,FALSE,8.37135287752225,8.172043010752688,0.005095,0.7686217868402409,non_core_adjacent
PPO,332,V361A,VAL,FALSE,11.733149705002493,20.21505376344086,-0.000000,0.5727741637221437,non_core_candidate
